policy_id,exposure,loss_prob,losses
1,21854.30534813131,0.11751248277295895,2568.1536807372654
2,47782.14378844623,0.09133735849019847,4364.294796635523
3,37939.72738151323,0.10689247065478152,4055.471195778814
4,31939.631788866645,0.0998416040852808,3188.9040716936724
5,12020.838819909644,0.024637793830689755,296.1669485168857
6,12019.753415129118,0.06606522833231418,794.0877538686184
7,7613.762547568976,0.15464669010061344,1177.4431771935565
8,43977.92655987208,0.05983071187152271,2631.2306527106925
9,32050.175528444397,0.19516938044121632,6255.212900918726
10,36863.26600082205,0.1736790136107892,6402.375677494915
11,5926.30224331111,0.07854755232361403,465.49653554203064
12,48645.94334728974,0.06684758360757244,3251.8637650771834
13,42459.91883601898,0.03915570282211952,1662.547963794474
14,14555.259980522427,0.04125978687555508,600.5469247146514
15,13182.123524319528,0.0601771822388814,793.2630496184219
16,13253.202943404522,0.03953928184393993,524.0221265142056
17,18690.900933179197,0.07259853371741824,1356.932001606334
18,28614.039423450704,0.14930306946402216,4272.163915685729
19,24437.52583889521,0.09771154957301467,2387.828517449036
20,18105.311308911885,0.12328813859656321,2232.1701299870515
21,32533.380262507075,0.05934576118970318,1930.7182157525478
22,11277.223729341884,0.12247140705193554,1381.1374577719764
23,18146.509184084818,0.05629576931213979,1021.5716948478649
24,21486.282948216125,0.087535235990592,1880.8068484327314
25,25523.149289766618,0.23437921466669395,5982.095686356287
26,40332.91826268561,0.05476893566610495,2208.9910055552978
27,13985.320197126188,0.10161173110498875,1421.0725952875546
28,28140.54972861252,0.040969808292514134,1152.9129276272156
29,31658.655598791913,0.23025721909047242,7289.633998320841
30,7090.2685723998975,0.056185254392927785,398.36854345446915
31,32339.518335564728,0.04477422010625251,1447.9767120867639
32,12673.585565928119,0.19329386579483507,2449.726347519869
33,7927.321684337578,0.1309708407432722,1038.2479858400652
34,47699.8491764,0.08352630522739016,3984.1921616084614
35,48453.44148835517,0.12286308856864879,5953.139473039623
36,41377.88066524075,0.08027933490840972,3321.7887397250734
37,18707.61961280168,0.05561035001283634,1040.3372745749034
38,9395.245130287274,0.07079928781494836,665.1766640712008
39,35790.486193047065,0.2328039294571557,8332.165822923434
40,24806.862218282058,0.17120301862822299,4247.009694464305
41,10491.720568015047,0.09756910039136246,1023.6677373787826
42,27282.96095500716,0.08696735277196321,2372.726890037806
43,6547.483450184827,0.05032992101517563,329.53432489597196
44,45919.418093545195,0.07425979752268205,3409.966689986049
45,16645.09917200076,0.10213035556775112,1699.9698968969171
46,34813.50279592919,0.028140576658375768,979.6720441754245
47,19026.99842402349,0.020579781914835903,391.57147806032987
48,28403.060953001488,0.1213104530363318,3445.5881918271566
49,29601.962570447584,0.04726257681250754,1399.0650297867521
50,13318.450498648717,0.12890167222471866,1716.7705407179576
51,48631.308249405134,0.1688368652772587,8210.757639161653
52,39880.97705125016,0.09319843078496798,3716.844479347834
53,47277.45237038851,0.16424762426707035,7765.209233235887
54,45267.2307692442,0.14097197456990992,6381.410904852137
55,31905.499046498833,0.20566107369396996,6561.719190644885
56,46484.34057604026,0.04992786809524579,2320.86402477502
57,8982.162592336377,0.012469688553567539,112.00477006393945
58,13819.228808861533,0.0037229982896057187,51.44896521906156
59,7035.2280009742135,0.12685684373237774,892.466819141234
60,19639.864884346895,0.07554515479065224,1483.6966327554815
61,22490.47803602669,0.029771619575381176,669.5779561570525
62,17210.706429825317,0.0838550746373199,1443.2050722340036
63,42293.18791183682,0.05655315127334055,2391.813053809926
64,21053.899701211518,0.0715911218893763,1507.272299756137
65,17642.052935932134,0.0867100803709393,1529.743827983041
66,29421.32374212118,0.13714202469022088,4034.899907060965
67,11341.59012386432,0.03872549330645041,439.2086724262118
68,41098.864133931784,0.09147379074853865,3759.468897789896
69,8354.778965589687,0.06375968023919515,532.6980353151521
70,49409.91214702328,0.1026631486044087,5072.577153280629
71,39751.01461834958,0.04814834756105861,1913.9456677490173
72,13942.205669037758,0.035049552560214664,488.6680704022617
73,5248.495270562108,0.10373460114021914,544.4505634780868
74,41695.764280467534,0.08964887024767602,3737.978161857319
75,36808.58047314277,0.0171606555514677,631.6593708380831
76,37805.32256184443,0.1831445229702087,6923.837766323865
77,39707.165600867556,0.12088487227410022,4799.99564202742
78,8332.009328034066,0.066503683841477,554.1093141158148
79,21130.957784492268,0.012721807610911698,268.8239795686075
80,10214.107678630837,0.15934410634300744,1627.557860142681
81,43839.654164401705,0.09389998511509652,4116.542873488299
82,33048.41570724011,0.13661288996168316,4514.839578421154
83,19890.411118369215,0.07591962395403012,1510.0725323976505
84,7860.125762871064,0.019081968213935454,149.9866699646408
85,18994.2044772048,0.06847514049375082,1300.6308201436295
86,19633.249491203616,0.10861641110460094,2132.493098055769
87,37832.27802521288,0.019608179996800076,741.8221172073582
88,33690.08621098459,0.06468856467863926,2179.3633208882093
89,44924.5734159347,0.04056868374873122,1822.5308114577124
90,26249.67163228772,0.140174936854476,3679.5460635066606
91,10381.741067223576,0.074766545070954,776.2069114175456
92,37096.01542503478,0.1267412623217415,4701.595822075701
93,39235.327187760384,0.1291892754485748,5068.783491374532
94,30257.47389062733,0.2418365346516666,7317.362633022594
95,39693.52309795524,0.18709183981400268,7426.334265096058
96,27220.801836397583,0.032352390667528326,880.6580152945071
97,28522.977322189734,0.12240238993994695,3491.2805924389318
98,24239.345826134733,0.2676134730197294,6486.7755202581975
99,6143.8607034842835,0.12226260954702174,751.1644423013893
100,9855.1142146987,0.24193149507467104,2384.262516093699
101,6414.313355903041,0.069692038671111,447.0265744482185
102,33638.46850687012,0.17890829085403606,6018.200907511452
103,19146.0191484347,0.2019441807122459,3866.427150831618
104,27885.681102411625,0.0472847563660384,1318.5676370285748
105,45840.491326674186,0.06857682659168111,3143.595424586798
106,16218.150311699372,0.2250663680515814,3650.1601871688003
107,23467.231536603336,0.06328395644613634,1485.0992584738026
108,38999.80123443719,0.1642087740498581,6404.109548895073
109,15295.91744712301,0.15236821830213307,2330.611688714645
110,8464.095942295684,0.0321327673528839,271.97482576627584
111,18038.81538111956,0.15764125814544508,2843.6615521330937
112,12254.9579264302,0.11983308013069277,1468.5493551961786
113,46836.39435541579,0.04506007508178493,2110.4514462151233
114,41365.417080398765,0.043419780259036755,1796.07731995432
115,33503.16904296906,0.18955208671710572,6350.595603730722
116,44215.7265584473,0.03574985087919034,1580.7056309795469
117,41165.24346046015,0.11198934542827901,4610.068669532676
118,13395.652649871612,0.10019803421592384,1342.2180625564667
119,45165.154932049,0.16934045074521897,7648.287694170827
120,29270.400886204283,0.1287948336594213,3769.876413283258
121,41334.80698238281,0.0608358806205883,2514.6393830553
122,45324.10849655719,0.04777950387625882,2165.56341759923
123,19310.156373733873,0.19220473706790456,3711.5035285536405
124,9952.336603745454,0.21662275357002012,2155.9025595590424
125,15257.082314387375,0.10216212472364888,1558.6959463214205
126,24219.850488181535,0.0790181143878434,1913.8069163315934
127,41810.66446651219,0.02684247653102188,1122.3017796887839
128,43732.87624653545,0.1772673714026594,7752.4120161011415
129,5312.845873903581,0.21737006646232082,1154.8536607144883
130,27983.62861599046,0.03269642892650123,914.9647241483381
131,23783.495141695053,0.03972204928485299,944.7291661844725
132,14994.851471182861,0.028687558394764057,430.16567720037204
133,10393.941530015727,0.0726436526611403,755.0538782866637
134,20192.68271316326,0.09252023734657265,1868.2317972858993
135,47430.936676063364,0.07960360755870065,3775.6736693029293
136,19544.131940933985,0.025087842178061426,490.32009764136114
137,28345.577978451474,0.20099170159171256,5697.225950489537
138,36635.853150283,0.04808225371001179,1761.534386054642
139,21363.33210706823,0.08292268908016022,1771.5049460306227
140,48730.19372244323,0.053494082524378844,2606.7770044173462
141,48310.128272395006,0.16477177040899663,7960.145364128247
142,16330.203312141388,0.03605271400178598,588.7481496036517
143,27376.182765157344,0.10113032758031788,2768.562330939015
144,18539.523941754633,0.26979470133474176,5001.865324753985
145,17817.82224698604,0.06879224372833147,1225.7279707227503
146,6659.912630953976,0.10074185480382436,670.9319512737213
147,32430.395029095358,0.042060299208606364,1364.0321183770513
148,27620.556045298767,0.07802256528232268,2155.0266371783755
149,7316.543806249521,0.13059238721156732,955.4849217961321
150,17539.090890647516,0.027434931178685618,481.18375152162645
151,45871.96486849942,0.06727720701818156,3086.137676788787
152,15780.285080013758,0.10928740873152315,1724.5864654394202
153,11520.269244105039,0.013092335109009968,150.82722548984412
154,27025.374212490337,0.12051783650531549,3257.0396308358795
155,49354.27043497703,0.0929524236455742,4587.599054190222
156,15892.487218017519,0.0513494230674431,816.0700497519134
157,35246.09963326453,0.08731125588852423,3077.381224152379
158,39272.88268979229,0.18919722834112876,7430.320553874995
159,15693.689479657985,0.02359437489218352,370.282793024567
160,37769.735687533685,0.096041185346119,3627.4501856403476
161,21550.240972366395,0.09097476418144587,1960.5280905143657
162,33453.76237671108,0.0469192889401201,1569.6267430870262
163,33508.83698424026,0.06863525220982533,2299.8874776712532
164,29109.860783364133,0.16459156997394386,4791.237688056842
165,9063.039652448373,0.06746525016384758,611.4402373972997
166,42588.612301515706,0.03254238808274895,1385.93514942166
167,19435.10292372811,0.03686832716418145,716.5397330615475
168,13393.33296799344,0.1332983963890932,1785.3098069386995
169,6834.881369964376,0.2689420453762338,1838.1869755421342
170,31590.182443470883,0.1265569449960164,3997.956981912468
171,35490.39628290271,0.12189835694652205,4326.220994266794
172,5746.452301753527,0.05696406682810863,327.34129294162653
173,28044.187623467646,0.02866684959090432,803.9385085010474
174,15192.309883907208,0.028411286601709305,431.63307025366873
175,34032.77556842525,0.13886555698895747,4725.980335189556
176,12846.489305224615,0.16717374789382058,2147.595764432282
177,36092.198214610966,0.06464748592244939,2333.269875989315
178,22403.090583524183,0.07000773805068441,1568.3896970971157
179,47152.84949315305,0.03858753573178625,1819.5122646725824
180,11188.442486569696,0.17043409687611213,1906.8920906488286
181,20347.985797261634,0.07112456059779518,1447.2415488804106
182,10106.308455826507,0.05061928387164184,511.5740966198563
183,46611.21282253532,0.07033898830175753,3278.5855534550424
184,44480.27090214415,0.15036272920476382,6688.174928613636
185,16607.373247182004,0.06516300884251347,1082.1864097570426
186,34699.28207153806,0.09352523673985907,3245.2585704437447
187,41774.999009054714,0.11676999100299651,4878.066258437507
188,29984.036521975806,0.11682328631617037,3502.8336835212885
189,28834.276026020292,0.16237990103131042,4682.106887414662
190,15883.353090520326,0.05609335967592355,890.9506377662485
191,9189.624551265464,0.11715755694495729,1076.6339616676612
192,45374.709107899704,0.09214682843323721,4181.13553537368
193,45518.81257234987,0.08044255299320141,3661.649492538857
194,33489.56557729706,0.1853776708157348,6208.217663350138
195,20256.34059719153,0.17951642844177618,3636.345917307979
196,20714.43085756974,0.03590703146333688,743.793720547873
197,37668.00554916077,0.041147281248561936,1549.93601840371
198,45369.96169786597,0.21918764909629235,9944.53524414407
199,44918.88909193028,0.031973267654422634,1436.203663675612
200,40094.39956359308,0.01417028222791943,568.1489575750835
201,33891.424076942945,0.030564302291646136,1035.8677305820584
202,8786.298424777196,0.13193661388199318,1159.234462721794
203,12273.29213425762,0.13067545259686617,1603.8180044976718
204,45434.938483718564,0.03995268449940578,1815.247762489918
205,32289.307684681546,0.1015535276826785,3279.093101810831
206,5413.867322748334,0.030123645906102794,163.08542221309156
207,9566.219428971444,0.0754904294067017,722.1580124917871
208,34857.579609862514,0.0222940168899965,777.1154685666725
209,5227.771273079841,0.08133636722651276,425.2079240434361
210,12236.362313787438,0.1668840204658657,2042.0533388018507
211,29693.020521496375,0.1264165273899716,3753.6885420467356
212,36135.2838961712,0.07801092151465529,2818.946795933998
213,34338.25667761703,0.12218162176563202,4195.503889475792
214,15092.11892572519,0.05392880634323451,813.8999588544982
215,37048.06496063911,0.04398254203445712,1629.4680744266075
216,15676.208937356003,0.10053632816016263,1576.0284860332974
217,19642.98641716705,0.07582895791253025,1489.5071903037635
218,38592.113230311086,0.06119264327232729,2361.5534180276886
219,34233.480457124664,0.19335718723795517,6619.289490555133
220,43215.053472238,0.0036437594696266153,157.46526031988776
221,34592.58015351545,0.07372738328871657,2550.420415923884
222,30573.887150096223,0.01991571966736071,608.9009656228383
223,9215.364552264162,0.16639476797053127,1533.3884464378539
224,21547.21113767451,0.10727244502599992,2311.4220222298018
225,16934.106545677645,0.051635178363289874,874.3956119090197
226,15979.53395205876,0.03246574994848513,518.7875535808681
227,48785.47496386005,0.09530421771853252,4649.461527457735
228,22689.39761000422,0.06317222782619387,1433.3397950582853
229,45142.0949829701,0.08747321766419207,3948.724300262976
230,33401.23816987683,0.07910406449023151,2642.173698243519
231,40766.50865937418,0.051746936404152295,2109.5419310159596
232,27618.669189733646,0.05574304804626978,1539.5488036173535
233,30960.67480818616,0.06179140559560131,1913.1036145861467
234,27163.296221848876,0.08882017607841479,2412.6487532947563
235,13785.934450912002,0.13772779042173688,1898.7062908230105
236,37510.345186767736,0.11197985284007313,4200.402933994596
237,17634.75630983851,0.11523078769702007,2032.0668604276864
238,6094.2184894154225,0.17965610627761666,1094.8635646134337
239,34046.253315822556,0.06898555897373201,2348.699815953296
240,12969.980573317203,0.03779855270851238,490.2464943289119
241,47320.636295881144,0.06618131752782766,3131.7420563165565
242,47926.78596511643,0.03193327397379166,1530.4591869073358
243,46168.89755992018,0.05997089540369098,2768.790126469697
244,21657.141511495,0.028607816625164154,619.5635329860794
245,5695.547743799034,0.0998043929556367,568.4406851197089
246,46774.33531644764,0.09617434285249543,4498.490961421621
247,24268.286674279145,0.06763046874740096,1641.2756034778029
248,48499.46685696513,0.17319162837294927,8399.701640177675
249,48362.89896901638,0.1684841679097377,8148.382790497436
250,43385.4254960312,0.11924114399551043,5173.327768878747
251,18250.200143131355,0.07093188533450212,1294.5211038843074
252,22329.397787086637,0.12205960902447795,2725.517563643838
253,43301.15021825856,0.10292310485728563,4456.688824354903
254,19261.490232032495,0.02159031413636067,415.8616248440241
255,12627.173600874161,0.09998755811464266,1262.5602542410868
256,30056.056810625756,0.17662670199319316,5308.702189380879
257,47126.964837235144,0.0388803316656238,1832.312023265893
258,36321.34085037379,0.10578513443603124,3842.2579247537046
259,30652.752654021424,0.09507798453379497,2914.4019427572916
260,9372.942219684584,0.08407861207536413,788.0639728936626
261,32675.325201462638,0.1562264186698929,5104.7490350986045
262,49552.42325469185,0.05245668726242519,2599.3559697666956
263,11303.780685643582,0.13427928011557497,1517.8635330525606
264,28324.834356368152,0.11105870977520729,3145.719558214711
265,44481.788236757995,0.028391782020449754,1262.917235497839
266,38334.5877989392,0.07013946314213061,2688.767407992466
267,36365.708344787054,0.08210956165563256,2985.9723714870443
268,36611.783779419915,0.04032155879194814,1476.2441921399734
269,21177.101804888982,0.10223083692655796,2164.9528411927217
270,18211.632991902203,0.07503476010795306,1366.505512721465
271,41421.251996533116,0.0650398618872683,2694.0325090522506
272,41455.10276056313,0.03414223667394668,1415.369929793927
273,44018.25433610466,0.12951184914779937,5700.885515327052
274,46095.824865041206,0.0020074272761787856,92.534016152044
275,28010.407948742202,0.0838657655052711,2349.114304736195
276,27568.233260923982,0.15358805581663193,4234.151348844722
277,40923.283053504885,0.11656912271918625,4770.391204336006
278,34248.37688499943,0.06803032887342886,2329.9283428676504
279,36588.50947659665,0.23027255187184828,8425.329446363214
280,40810.67012462455,0.02608376660186816,1064.4959943965405
281,45050.240381790485,0.06158112333395661,2774.2444091754323
282,20209.782058319113,0.07231197031604861,1461.4091602949834
283,21901.23286879748,0.021583785440558282,472.71151112382756
284,9229.187292839106,0.06536872022057336,603.3001620088703
285,31022.60634482783,0.08106295216671335,2514.7840542175563
286,6617.402320853394,0.03392723674911474,224.51017520373443
287,25951.910815960706,0.09216473495401659,2391.8509819032947
288,29419.008561840947,0.017727388194273254,521.5221850664029
289,17894.356345772798,0.12058470894698253,2157.7857517486027
290,31587.496725605484,0.06299423155275638,1989.830082904726
291,6372.511247257225,0.21182406091327577,1349.8512106095493
292,6680.668493714649,0.04502026315794677,300.76545365803736
293,42017.02522968462,0.07966225808995737,3347.171108019387
294,21208.57886350683,0.10701298003799564,2269.5932265547126
295,10717.723069334816,0.06530750516558576,699.9477547139011
296,28500.946702466197,0.12090542190414168,3445.9189857291312
297,39649.70988943749,0.08658678532398503,3433.14091835501
298,14711.946237357943,0.010988103324112593,161.65638535487858
299,33030.07141185501,0.026489262801833086,874.9422419919413
300,8840.63592471956,0.13328746272208553,1178.3459312555883
301,7325.677452587346,0.10641745667882942,779.5799629537913
302,28910.95842056666,0.06673994727487559,1929.5158406547393
303,29328.580472454792,0.10170410340179183,2982.8369809983146
304,33684.345567419296,0.019960257227248337,672.3482020572114
305,37674.110017519764,0.06098449141999426,2297.536439119354
306,48913.343575814055,0.09977974253835611,4880.560828684881
307,28233.51567355379,0.2425074913370874,6846.839057619867
308,19533.04128235607,0.05336009215001661,1042.2848827965984
309,40783.37876459167,0.05853466653617567,2387.2414762039216
310,17187.45130679334,0.09303615799208688,1599.0544352601253
311,24753.713931753624,0.07994186182510042,1978.8579787903116
312,8530.537160401967,0.062362028650916244,531.9816028046932
313,6140.783453695588,0.17014137778900487,1044.801357515691
314,48319.17866050663,0.062140088563194966,3002.5580412647223
315,42619.10542304926,0.13495450430002337,5751.640246078051
316,36318.839274216414,0.07586493708365122,2755.326456489669
317,23402.882498642146,0.12784571476376214,2991.958240571245
318,12798.244403188059,0.07522904428198003,962.7996949390375
319,12039.666920198873,0.0852516080018839,1026.4009647540431
320,16260.93041740679,0.028759025678520282,467.64851543083336
321,29715.19991177542,0.24349077327825755,7235.377004636208
322,37156.816521502806,0.06862608480069854,2549.926841528648
323,34708.8819522979,0.10022242016231342,3478.608150387338
324,17597.02536256743,0.05093570079664449,896.3168187786991
325,47968.937629843735,0.05453433104259518,2615.9539244674993
326,38205.36125130958,0.11286831429846454,4312.174721599188
327,29945.93236301303,0.18473765803571573,5532.141412438974
328,32527.43358054585,0.14354913991483223,4669.285114124189
329,23882.002809250545,0.08201745963194598,1958.7412013377273
330,16147.894527552085,0.1233585868077447,1991.9814488393395
331,21018.770539306774,0.061886511270033154,1300.7783798630494
332,39103.07497089661,0.08365335364656187,3271.1033592084364
333,5647.706988339014,0.038188728722636574,215.6787500826174
334,10223.268822811231,0.03969293364226618,405.79153099089484
335,7070.118890978874,0.1276859360545509,902.7547486116008
336,6832.796104353656,0.11230072434936281,767.3279518504199
337,43495.72628049533,0.11205101481579659,4873.740269879615
338,36664.60367210106,0.08020104054756289,2940.5393657665004
339,26337.822308929633,0.08133909699067247,2142.2946833091246
340,9402.537229295067,0.043747918407550976,411.341431531161
341,27122.714380257457,0.010670379445724427,289.4096540353535
342,26306.229685125454,0.09967575785706585,2622.0933802269224
343,12794.084145950683,0.01984472072205918,253.89502677091633
344,24523.324215708788,0.1368278524683618,3355.473787820806
345,22932.713047881804,0.15199773503538702,3485.7204414945013
346,32713.254412349743,0.2219780293340336,7261.623747556276
347,33579.21428904397,0.08503092100847377,2855.2715177383116
348,7038.680439742004,0.04829672040936973,339.9451812491191
349,21857.567658191205,0.10089716692060324,2205.366652486897
350,33163.69620714064,0.06123344823638089,2030.7274750270076
351,27641.131636103946,0.06838720253276853,1890.2996674331562
352,43542.0428534745,0.16374952382077027,7129.988783440022
353,34641.213422852525,0.07373051680425084,2554.1145683932677
354,12332.049218664335,0.05173332313267507,637.9778871172151
355,8175.5936330193435,0.03769814870485358,308.20474452801733
356,33908.867519284206,0.0825228206242919,2798.2553918667686
357,6193.008974372981,0.12546752529493163,777.0215101438806
358,31359.90115730585,0.058188744446867266,1824.7932743214872
359,47310.36086412309,0.160162135883102,7577.328445398272
360,30896.338004414552,0.07909112042485249,2443.625989794098
361,22467.646679293484,0.16027136150983476,3600.9203232122845
362,33947.969829905895,0.12915908764587475,4384.688810660327
363,25621.38007211825,0.02931394071035451,751.0636163515329
364,29552.755519217073,0.1611353707082269,4761.994216038642
365,47365.91639494363,0.025081688293273084,1188.0171507432094
366,22374.61870103484,0.02864231059709436,640.8607783265959
367,48253.57537207614,0.04821872885851351,2326.726067319985
368,45740.77888802287,0.20876745577251543,9549.186033505723
369,13810.60106551834,0.11475308611152471,1584.809093323341
370,8121.258539382446,0.03508010085408027,284.8945686235968
371,9535.0100619842,0.02067003167574546,197.08896000976512
372,5819.982154319738,0.12789016506274775,744.3184783781975
373,9249.933234016778,0.09719277398350627,899.026670176316
374,35735.30480373606,0.10853585376323628,3878.5618163629715
375,8203.489180710305,0.11260703159160254,923.770565333615
376,19353.90336321926,0.18306727727851346,3543.0663934160143
377,43019.388993625456,0.07814846138894804,3361.8990597444754
378,6047.237108112164,0.1300839110411815,786.6482540165944
379,41651.08171650211,0.040434231069730125,1684.129462429258
380,17683.464864802998,0.01584152030043905,280.13296763787736
381,10317.41724297453,0.11962489803706403,1234.2199856966745
382,36353.17244138678,0.03682635908573497,1338.7549822321541
383,33302.428105094776,0.10203521891401818,3398.020542071697
384,44486.24060871738,0.18163051839166885,8080.058943057848
385,38078.19697117486,0.020619536457500608,785.1547706830293
386,41156.64186731818,0.08842448148186634,3639.2547166524814
387,17691.555765708792,0.016010114313751895,283.2438301971142
388,12984.779470087527,0.073282089190145,951.551767241318
389,38777.66382383862,0.004796987984162286,186.01598741683844
390,41307.56326702688,0.022261920217109994,919.5856778137759
391,49572.7313900303,0.049719269717838334,2464.7200026308674
392,23567.795461014193,0.015264121930378662,359.74170354714545
393,21740.813860675244,0.10233688789061518,2224.887230710655
394,39938.58323338986,0.1034530795912741,4131.769430006606
395,20336.159311385803,0.21799799328633043,4433.241921033228
396,46884.07965216041,0.03156444020806433,1479.8697288907429
397,43628.57383293553,0.06175730712290668,2694.3832335350094
398,24304.731231875827,0.022510352065273086,547.1080568813633
399,38789.19805061738,0.0513869283634219,1993.2577415016597
400,38954.42933381071,0.2474332955985381,9638.622828225149
401,9640.574097616967,0.13014473236081284,1254.669935738945
402,45614.8808005805,0.035477599065123856,1618.3064524464107
403,27736.356760153572,0.00937694134397618,260.08219043555727
404,42190.58597484837,0.00820412049016034,346.13665088812496
405,19402.23204637753,0.0967512260637599,1877.189738860599
406,45298.54528232902,0.04963650229544231,2248.461346886522
407,22514.07554303734,0.2981969139075918,6713.627846416123
408,5487.694316613426,0.050011650897902236,274.44865239687283
409,45742.188938866864,0.05629367009281664,2574.995693447858
410,9107.90045537601,0.020354177428477217,185.38382186963173
411,19369.11369156867,0.1476564511678658,2859.97458996395
412,47752.78851728622,0.07015628439973938,3350.158212099341
413,47777.321612190026,0.047033332535750164,2247.1266550536166
414,30804.704965547873,0.0904972574739782,2787.7413166771207
415,33432.67454764097,0.062089903058763656,2075.8315216582228
416,25180.04848902439,0.10101525706706474,2543.569071079954
417,18194.484726412906,0.026480259143960214,481.7946705462398
418,19789.904541646218,0.042825876945245984,847.5200166587056
419,35263.33052346673,0.050286258381340744,1773.2609500896676
420,38856.8538246956,0.12003220765077159,4664.073946941541
421,40621.056967663186,0.17525053652323958,7118.8620277240525
422,40532.81642575492,0.036855393680926975,1493.852906367941
423,9104.274637191065,0.15647724161661977,1424.6117821478097
424,27248.913711616166,0.02075955603741819,565.6753511550686
425,7590.144200748993,0.08210511790625376,623.1896845279642
426,29728.7997045681,0.07308256873676093,2172.657047870496
427,24868.872561801967,0.1866255474070011,4641.166955241242
428,44946.68822412349,0.11613930058226964,5220.076933839037
429,20791.175564843543,0.027436171359912265,570.4302555710681
430,10268.015739242262,0.12818835580889235,1316.2400550332939
431,11434.625692377613,0.10497481953824697,1200.3477685447422
432,39267.97842728625,0.18093846619540208,7105.087787227311
433,32819.81284923175,0.05370406839338142,1762.55747391312
434,9550.520425525561,0.07021620765995569,670.6013254593512
435,8784.806275174884,0.16398711148917638,1440.59500605792
436,36543.6109156604,0.1666070394806262,6088.422826590075
437,8274.335286388708,0.03064643179356815,253.57885199142575
438,41983.70266806603,0.092274850105034,3874.039870550109
439,36780.90022204233,0.10084946185212566,3709.333993829698
440,8660.695128885489,0.10741235531926774,930.2656624956994
441,8817.697133833637,0.026296652168350663,231.87591445428575
442,49398.78103255289,0.20686422853644645,10218.840728939898
443,21842.185809025414,0.015117257494590145,330.19394711971995
444,21678.89661801009,0.040388520993597854,875.5785711745381
445,41575.98052658761,0.19462934229228884,8091.905745046756
446,47626.185982273644,0.0871047228828039,4148.465731950825
447,49370.04787202919,0.07917458392385292,3908.852998568611
448,38902.01833665237,0.055312431081800555,2151.7652081890255
449,21931.68134889121,0.0365256597803353,801.0691313603254
450,8757.532251440094,0.019433843441925926,170.19251071210385
451,39971.61121673466,0.09203945607036244,3678.9653546442564
452,30128.191238111227,0.08487352000057918,2557.0856416291076
453,24089.99041611393,0.11270968880609233,2715.175323141948
454,45785.947329263116,0.037017997153788264,1694.9040679181614
455,10003.88670377681,0.032263062141508564,322.7560183805625
456,27168.12969308866,0.07998351400034738,2173.0024816704104
457,5510.914014533858,0.212548115466336,1171.3343882861918
458,26089.72888973568,0.08806734671110354,2297.6531997310467
459,7533.647405682681,0.061030672650807284,459.7835686828233
460,10346.806232063236,0.07066660618219553,731.1736812446991
461,10288.68110496972,0.0945967999026104,973.2763077485891
462,34214.46359522286,0.1919577948328415,6567.732983127514
463,38572.01956694405,0.11022037518232437,4251.4224682085305
464,31251.594429372184,0.04556231468326406,1423.8949797447976
465,48297.76468135438,0.04986141052810632,2408.194672366885
466,21869.17607856668,0.08326617526317015,1820.9626482190613
467,17857.043882683734,0.09709502935479032,1733.8301999789562
468,44086.960768525714,0.030891097892159745,1361.894620868334
469,15061.81273337537,0.06467350464193468,974.1002157279028
470,48345.01427482751,0.2485267829594994,12015.030869853957
471,5546.951361041735,0.16281503094412483,903.1270574935655
472,48644.54720184376,0.08370776827757635,4071.9264851395624
473,6942.196037775925,0.04727709535043737,328.2068640193609
474,45101.4401164132,0.13325406314672925,6009.950149280952
475,28746.549908883495,0.012029520531567724,345.80721234065027
476,49683.41582536852,0.18937277179235984,9408.686166962432
477,8320.84541309295,0.053852139398350374,448.09532709800584
478,29923.442798059434,0.10527209494046084,3150.103511182762
479,48618.61410285945,0.026989250486667452,1312.1799543366965
480,28539.402987656696,0.14946319290609442,4265.5902941689
481,33322.938716086814,0.1147449512935193,3823.63897993431
482,36308.69100430777,0.10229012070128748,3714.0203853363932
483,25454.347914549795,0.03575761880885036,910.1868697563267
484,33240.113603782855,0.05653936569442258,1879.3749387684297
485,31294.14403653951,0.10561264397034538,3305.0572924877542
486,45552.11047209451,0.0394453311446001,1796.818081907174
487,7045.087115365604,0.05126130193834007,361.1403378026655
488,17643.343531650364,0.15905819275347655,2806.318336273047
489,47768.51678344514,0.015525443836999903,741.6274244981648
490,45061.870275091234,0.13916358260724587,6270.971306464657
491,25504.553875357084,0.04058768133664861,1035.1707053263797
492,32905.96690106916,0.17236059601859183,5671.692067636335
493,17482.15323415097,0.17973134538388413,3142.0909209811753
494,13465.452187569259,0.09729243086525663,1310.0865760285008
495,25866.428222299197,0.10034109159735831,2595.465643550218
496,20900.850261172374,0.047892222426784065,1000.9881696169751
497,31264.525033289243,0.06996510238644486,2187.4256950176505
498,8498.058663424317,0.0453612616070761,385.4826621838699
499,48847.76634497749,0.02803129937818981,1369.2663623719286
500,49379.48350158213,0.20866527104126037,10303.78330873508
501,36417.27713088853,0.20896146187720233,7609.8074668576755
502,29124.33648548542,0.0799121037634231,2327.38699926896
503,18928.742732884748,0.07529636174385287,1425.2654601716163
504,41620.77588681269,0.06856451408510117,2853.708274524208
505,35812.90276492457,0.007163213283809023,256.53546081746856
506,12317.762270520108,0.13556638118434206,1669.8744553034358
507,45991.72330222291,0.13254744778330704,6096.085542865697
508,42014.1759315426,0.05676987980783031,2385.139717858711
509,47740.99609813658,0.1470582285446498,7020.706315149004
510,37657.3778774762,0.025492993559595743,959.999291701764
511,32603.683817110545,0.10988654073984426,3582.706030037919
512,23820.93663307785,0.1780468749173911,4241.243325124711
513,46972.7817509306,0.13737208257428593,6452.7488534327495
514,43972.87502751838,0.11535269466009979,5072.389626376054
515,7034.840154778523,0.07656601414506814,538.6296707990657
516,6186.51385237634,0.18347603540975158,1135.07703464152
517,21940.85150951223,0.12161794508236914,2668.4012739442746
518,41474.89988518248,0.050380134422909055,2089.5110313921887
519,49427.4258191725,0.02637399888594669,1303.5988734900682
520,11768.760099658768,0.21029527519876076,2474.914643905936
521,31735.88219084608,0.12915166468601383,4098.742015226991
522,22140.08854839597,0.0998166751647394,2209.950026753807
523,48646.14790165715,0.02942413892319702,1431.3710139367493
524,42895.35154110689,0.030592393771600054,1312.2714853167531
525,42724.791712001206,0.14044704466128902,6000.570729719704
526,26091.19219077366,0.009320922310726946,243.1939754044469
527,23666.87760519493,0.01521475472826624,360.08573794693797
528,17303.31823688178,0.05806857457705743,1004.7790254689274
529,7536.89734929172,0.08327470467232186,627.6329009078735
530,43912.506931477394,0.14317476437045748,6287.162832830357
531,41580.54541085349,0.06078290827529013,2527.3864777444437
532,49987.29529787588,0.1595358912154518,7974.767704796592
533,49848.657668325744,0.1585478914705285,7903.399565949238
534,29994.426752118234,0.1443947277876288,4331.037086018083
535,39604.433683122974,0.15827516226428828,6268.398167581533
536,47514.45784470926,0.17343498412517078,8240.669242013246
537,43234.132580483514,0.019940990586356618,862.1314307967157
538,16130.664578443895,0.09866004520450719,1591.4520964880176
539,25274.486088954207,0.24483928742807975,6188.187164130462
540,10812.173681817274,0.22459408442847173,2428.350248749369
541,47932.29622664251,0.047646906342462936,2283.8256290900254
542,32277.858550289602,0.13519913845517992,4363.938667177317
543,15288.926247655823,0.05647421146427442,863.4300539718106
544,35226.53079826356,0.1621150904551573,5710.75222678188
545,32815.770820605314,0.07189956393770003,2359.4396122810226
546,21117.322311477823,0.11760604454437583,2483.5247484216025
547,10110.091648983307,0.15684093888620892,1585.676266452162
548,35220.79380167599,0.08148662221957735,2870.023518790803
549,28413.8465406707,0.025557370535330148,726.1832043739298
550,39754.32762810377,0.13833530783419196,5499.427150175057
551,28407.357550039702,0.07888127451876634,2240.8085692574314
552,43348.1675143343,0.05453685604402054,2364.0727715013372
553,29835.80774485185,0.0788050253490591,2351.211585642704
554,30242.20871909238,0.0964771838442774,2917.6831304488846
555,44449.41211962553,0.0679606361094355,3020.810322340202
556,23156.728979557865,0.0677020416561962,1567.7578299952722
557,11030.685280278833,0.03424080517331457,377.69954561017636
558,6295.220434100253,0.05595752899066559,352.26497994379537
559,38981.176505312855,0.12887540028002065,5023.714725508331
560,32913.92981090591,0.09154925826536292,3013.245860786653
561,36683.58956446506,0.05585068219077493,2048.8035023817656
562,14583.387267900984,0.12203657656085505,1779.7066568357973
563,11136.71640140464,0.08808835325274045,981.0150084425203
564,5654.5099550546865,0.08218018470490542,464.68867252212056
565,20776.440146296864,0.18481650931912377,3839.8291439162917
566,31546.295908458487,0.15342188519863129,4839.89218930957
567,22650.982029487954,0.053299121017559806,1207.2774323562508
568,24686.371491067806,0.05362910857393415,1323.908096990948
569,45687.14125221868,0.15119094991923174,6907.482285017061
570,20671.496016048513,0.19961759615281488,4126.394343606094
571,28129.527012191487,0.16598263537040311,4669.013025206485
572,40264.385573351436,0.1318933657577155,5310.605333435725
573,22844.42520445716,0.11440858229148537,2613.5983009058195
574,32993.901510254305,0.05436194068929067,1793.6125170087425
575,43806.36689360353,0.028609433843510283,1253.2753555670893
576,47728.42806459389,0.04605759768556163,2198.256737963334
577,11618.306641806706,0.046626056270034494,541.715819243395
578,46696.443132267246,0.10939102456831858,5108.171757934938
579,27145.23318857922,0.08745506334536154,2373.988088031806
580,16620.997473453128,0.009419576814888983,156.56276244126747
581,25661.10903072176,0.04132626548844071,1060.477804531431
582,49101.46588784647,0.010615397773446236,521.2315916587917
583,27167.81422967913,0.05944236951666774,1614.9192524007708
584,19793.822462937867,0.17069451984844838,3378.6970212766114
585,33503.038444252656,0.0534555405819583,1790.923031175657
586,15806.552845018688,0.20540680805752665,3246.7735662879054
587,8413.849764889877,0.06387534894503248,537.4375897034204
588,10799.587485979215,0.10642467592851915,1149.3425983570287
589,10762.062753099759,0.032929526823103676,354.3896341001235
590,11835.621208053246,0.08680565177114924,1027.3988130814987
591,11247.222769223456,0.2109071520136824,2372.1197223203612
592,33839.36351614466,0.17393472264615997,5885.840307703206
593,13184.603797961518,0.07642712639645091,1007.6613809539316
594,20555.027749573845,0.07613324281532405,1564.9209187340293
595,45355.47844577053,0.0668595052023177,3032.4448470986035
596,26328.273811829255,0.11941171498201342,3143.904328386563
597,35040.098233446224,0.2039250340594681,7145.55322570263
598,12754.394204073342,0.05375340012209759,685.5920549665168
599,13653.005846390184,0.04768927493754152,651.1019495323633
600,6839.087731991549,0.063470105458517,434.0776195895535
601,12602.077838247405,0.02815145100061921,354.7667767694111
602,17536.565256438138,0.13880932242592567,2434.2387409242074
603,12965.471792453607,0.024567498607147846,318.5292102021187
604,8991.614019067503,0.1921258308588868,1727.5213141757583
605,10428.614199527037,0.06534928046725938,681.5024342097361
606,25735.04456147266,0.11151868734207615,2869.938388185267
607,14285.017328260663,0.011044572228686567,157.7719056700141
608,21392.143747163394,0.1349504259143992,2886.8789099017517
609,27653.77718846856,0.10727541711437202,2966.570482680871
610,36067.76728832144,0.11786074748004066,4250.974012537724
611,6769.046292849453,0.07006644426421796,474.2830047998474
612,40973.46795090692,0.16663354351779336,6827.5541548723595
613,33255.51752709085,0.034497866781446215,1147.2444133976298
614,8679.156437699236,0.10114235860250355,877.8303527890033
615,44311.038084804975,0.013349189434095188,591.5164414154681
616,46439.258023931594,0.03897965169803458,1810.1861028880112
617,7748.508193468869,0.1489941542410203,1154.4824249155101
618,17459.49416662417,0.05590859068229407,976.1357128816917
619,41279.05759068776,0.03979010711452865,1642.4981231202628
620,38671.68606726463,0.037536815667367704,1451.6119514532243
621,13303.44587103698,0.17480747155842896,2325.541735730396
622,14420.719550151964,0.055836668177966266,805.2049324093462
623,21671.24462561219,0.17980321001469615,3896.559348698804
624,26803.53433359596,0.04564196637832642,1223.3660128743045
625,32821.46471886332,0.12840192110234935,4214.339123295031
626,21601.11378063976,0.07604741564818947,1642.7088781401453
627,25814.062225991656,0.07243567150677964,1869.8589316575003
628,38636.192216019044,0.08210144921556903,3172.0873731064507
629,6650.744130076906,0.030983472568664867,206.0631483154467
630,16359.662495480934,0.050495585268116004,826.090732498157
631,37100.73136480486,0.05895193562890497,2187.1599272032713
632,45284.30769592397,0.07266670115618036,3290.6612544042255
633,28025.484895204976,0.09286301057096844,2602.5309000799357
634,28945.106836939205,0.1171463186218784,3390.812708064391
635,9822.740510289921,0.1703453341292018,1673.2580142897827
636,25133.55650705546,0.08892297707783822,2234.9506691614442
637,28967.776990476043,0.08955353717099762,2594.166893477766
638,15911.172663562835,0.14662364670134842,2332.95415922639
639,17115.945392722144,0.08806342636113092,1507.2887966931246
640,21977.78733970802,0.08427266195928775,1852.1266430923276
641,5903.203899997687,0.132013239879906,779.3010725103914
642,19493.562451243022,0.09797227261980977,1909.8286148044685
643,14515.160314844508,0.19323279873194482,2804.805051680262
644,19737.38084800616,0.14424675168762205,2847.0530741463717
645,10389.295931866305,0.058288029023013554,605.5715828052998
646,45073.727633295275,0.07536953448210229,3397.185869094535
647,31711.66040993219,0.1810495013694857,5741.380304816683
648,35559.60436150203,0.09159308469250008,3257.0138539148506
649,40512.70573733022,0.17235312808392333,6982.491560972372
650,27429.898951807576,0.07539344724418551,2068.034639536444
651,8911.412963934066,0.09551288685813988,851.1547781703955
652,29169.79438183465,0.06534503776053043,1906.1013153478934
653,31407.85031093956,0.05669572349012246,1780.690796648186
654,38544.77633829485,0.04510399430287544,1738.523372368059
655,24424.679580335574,0.07457414107383527,1821.4495007071687
656,10741.113625800368,0.07723024743709923,829.5388630705605
657,17769.915760942604,0.09582070954274993,1702.7259367284155
658,21338.70333793858,0.1344759623244237,2869.5426661246825
659,34066.275859922054,0.014030032491559015,477.95095718111895
660,30685.023710101035,0.07612490639656835,2335.894557707922
661,21024.35266540308,0.15640126711368568,3288.2353971140365
662,49393.18619568409,0.03461005130059814,1709.500708132622
663,32259.866871059923,0.13784160466246098,4446.751815704264
664,15675.205628119751,0.0792086215661103,1241.6114305686997
665,9580.211267918168,0.11505551287164652,1102.2561208490517
666,11878.66126329494,0.14402430995220397,1710.8159916020293
667,16068.097777302866,0.041255572248460985,662.8985687468538
668,12230.661796680004,0.010905846668754873,133.3857222119901
669,13395.516082308759,0.1264617732416296,1694.0207172555329
670,17829.28259122312,0.03765364366847407,671.3374535544434
671,12801.811788263967,0.07644352946426868,978.6156766321786
672,45354.444108189135,0.25461833934177036,11548.073240596259
673,8610.518554773898,0.06550149874311612,564.0018702931005
674,28603.01253066146,0.11967562126362319,3423.0832946181094
675,23467.857214534768,0.040926983656477296,960.4686086718073
676,49207.03776088729,0.17749102988214469,8733.807809629467
677,10041.750597562355,0.011687743023686992,117.3654004922641
678,22903.501957058375,0.18487496661107833,4234.2841595879345
679,48626.1694973916,0.02450093596050926,1191.3866648604603
680,43947.82066522911,0.19536960736248912,8586.068467802897
681,41768.24319271759,0.13693146675152706,5719.386804013306
682,16605.627217022295,0.03802639969483724,631.4522177379575
683,12689.941432552961,0.08888086644344122,1127.8929896418308
684,35088.944896599394,0.10433413250495187,3660.974626300756
685,46821.91951074136,0.04637295883099367,2171.2709458597083
686,30054.33018562684,0.07049623648024808,2118.717168021408
687,30722.57102614549,0.21399581036113566,6574.501483117551
688,17599.05921471279,0.0999811528962158,1759.574230175755
689,39627.18199363716,0.14908819673061538,5907.945104947276
690,13416.968685088552,0.1393438753947223,1869.57241262987
691,19565.565638190965,0.10294245775209418,2014.127414105299
692,24144.639737738755,0.11200896497342329,2704.4161066803044
693,27842.467040800475,0.20765520223428838,5781.633124058932
694,15908.43795867861,0.04725062868279054,751.6836949087334
695,10167.657113264158,0.1559752409061196,1585.9027676921978
696,32477.901909873468,0.2372244920392407,7704.553783070019
697,17988.37489581151,0.11947924334819829,2149.2374216152843
698,31155.719964017553,0.12478419946257034,3887.7415743899514
699,11946.322187339105,0.2069262467256827,2472.0076124018287
700,26651.304583466786,0.281419330086477,7500.192281809877
701,28966.524464821363,0.09278954575083254,2687.790647071152
702,7332.059157009211,0.10824644661771399,793.6693501371186
703,20147.192518726428,0.13930730092054325,2806.65101091034
704,11048.66046225384,0.025468867922930863,281.3968740384513
705,7851.8736712745485,0.17321478232034399,1360.060588776661
706,49548.21045754754,0.023226912410596837,1150.851944399275
707,19505.92302386253,0.12892876016329202,2514.8744713072083
708,41444.350063458565,0.025158978979555425,1042.6975320678905
709,16458.829464369373,0.045839550656345415,754.4653469761104
710,35667.62250007682,0.05613579559339622,2002.2303659667323
711,39210.25369503589,0.05069904800259476,1987.9225342785433
712,31803.743327352993,0.12974714086881792,4126.444765649797
713,26220.928484757125,0.04221716827316509,1106.9733501196192
714,23532.841136627085,0.01777508856138263,418.2983353044947
715,20699.071994434787,0.04993990774110657,1033.709745728596
716,46828.81149115216,0.0995432546058059,4661.492305151049
717,42377.87335044781,0.1306004215037514,5534.568122001077
718,48426.21097999307,0.07818380513389778,3786.145442632799
719,10593.375056849512,0.19892003000647887,2107.2344841783897
720,37889.03638416399,0.17014258198541812,6446.538479341112
721,47225.3205569467,0.13048636564103777,6162.260445708965
722,13155.487977454708,0.07524063572796746,989.8272787353252
723,7992.332031504988,0.08178824975744178,653.678848337132
724,38350.42921805266,0.2707281049861765,10382.539027609891
725,30851.290093096035,0.09128830035815395,2816.3618364550903
726,42882.29495412224,0.18024612125068668,7729.367335808427
727,11289.756948183027,0.04415489407259377,498.4980221523511
728,40787.02903369506,0.04972444898310504,2028.112544358394
729,14073.229402148503,0.05243346589357443,737.9081938700024
730,12364.517428956704,0.027547119226374272,340.606835792053
731,12391.960906894681,0.09552218695984069,1183.7072065474306
732,41655.86241041219,0.07072672904846315,2946.1828939812845
733,34933.874931329,0.0819571258432197,2863.079983938229
734,28537.94411461037,0.218042075261853,6222.472558456429
735,21147.37178555761,0.023052368093135874,487.4969986030701
736,44474.02433658987,0.0630184085063279,2802.682233563589
737,22660.02983401859,0.08560621636670837,1939.8394168470622
738,41746.974776220966,0.07137977172916073,2979.8895299096835
739,24761.07088565983,0.2321180985144261,5747.492691160276
740,21962.49932412084,0.0196691108051549,431.9828327642724
741,25820.590355132288,0.21227187728285657,5480.985187235551
742,18562.004337386395,0.025735385018756458,477.7003283424662
743,38642.4221079313,0.06573077815601619,2539.9964749875676
744,27622.417554161562,0.025559651059402895,706.0193541014947
745,15449.571281606779,0.006235656748885188,96.3382234295341
746,45480.85579735558,0.18731341765069626,8519.174537081155
747,22275.104961794514,0.054948627456102156,1223.9864440912195
748,29459.878750129486,0.1280721333717584,3772.989520402415
749,45791.24499340461,0.06001036877783195,2747.9494988502615
750,33090.709816129645,0.22955796873647685,7596.236129438917
751,10260.411831876383,0.05907151173056619,606.0980378871259
752,47292.44556260638,0.07581189368777533,3585.3298552272167
753,33246.862388213805,0.05846356379920636,1943.7300603567721
754,20070.752659568876,0.03440306237446313,690.4953556495699
755,11267.243269852426,0.12611434642124542,1420.9610209466148
756,40731.13351716332,0.09385600567962281,3822.8614987243554
757,32903.27401678311,0.004780154519999188,157.2827340140976
758,29005.74913893447,0.2174455360039215,6307.17066871089
759,45225.166237293095,0.04281789694865281,1936.446507434108
760,40486.874505103886,0.03245930854551918,1314.175951604881
761,11825.369587973804,0.022443328625974902,265.4006557865055
762,19027.49305079967,0.03739691656319863,711.5695700275969
763,16182.011291650959,0.14077461233491056,2278.016366381309
764,38477.58316577046,0.1220555536618864,4696.402716869394
765,6508.959563110072,0.07088598937348962,461.39403842309423
766,30645.035819209243,0.37239358381635346,11412.014714895851
767,39310.64085833108,0.06696467103966833,2632.4241334366857
768,44454.453654278725,0.08119016421311782,3609.2643921953254
769,20393.678692215835,0.0345898044083391,705.4133571302585
770,41956.57871024058,0.07730337329234471,3243.3850661073707
771,9978.428162984324,0.15898410097027632,1586.4114305885487
772,43090.35312805332,0.2155337511087321,9287.42544628922
773,10736.989804939209,0.112651806612872,1209.54129911039
774,22877.92807521653,0.02107043980318193,482.0480063303757
775,40878.29146007991,0.02602266032983377,1063.761893529604
776,11746.28423069482,0.018804614559263626,220.88434746177256
777,15316.312785468866,0.04637074874496633,710.2288918742921
778,37501.36557768798,0.07499843976883863,2812.5439075274303
779,37401.64414457335,0.02450851408316028,916.6587222506251
780,33851.64347983838,0.13592875819747058,4601.411861157932
781,36227.6800010195,0.04395739978186601,1592.4746129743262
782,29422.599950641827,0.09225944274178045,2714.512675460552
783,16330.957650812874,0.14973693718596723,2445.347579946458
784,20556.319707676375,0.07341685711453726,1509.1803867792228
785,13171.897256064156,0.15237668378961167,2007.0900230965415
786,45880.27526001327,0.0854920838313735,3922.400338735546
787,31252.63076447542,0.06865503928159679,2145.6505927883004
788,23038.313754363797,0.05019097320419679,1156.3153883151517
789,25790.26116398597,0.04975749376055343,1283.2587589500754
790,47627.75028253169,0.13431095673225743,6396.928707451875
791,11900.813140223609,0.11104310743740355,1321.503272122314
792,31380.342440755874,0.0813404927936994,2552.4925181661224
793,27764.99054980097,0.02515619868317314,698.4616187072178
794,32515.440594559153,0.051135141564846526,1662.6816578461398
795,5814.958271937823,0.039581927819191294,230.16725859145225
796,44245.57590248682,0.008950237447208641,396.0084103157498
797,46945.32271176256,0.03388219058614167,1590.6103712478641
798,30430.993261514403,0.026236298776232663,798.3966312666147
799,36349.28707446015,0.08015892473741024,2913.7197668601702
800,46512.472152978306,0.13656838551710662,6352.133228341628
801,36825.73854410293,0.0647950202624656,2386.12447514541
802,11864.256931141761,0.07085135350166512,840.5986618629055
803,30932.976207506592,0.10387068285550925,3213.029361426931
804,32302.177087228516,0.08412061238563341,2717.278917966839
805,24085.88020860737,0.10504472808788909,2530.0947372706305
806,38139.99060311253,0.16628805532874869,6342.224867648331
807,47046.51566460567,0.07929320486021514,3730.4690045528982
808,46650.583080804936,0.18531012385179318,8644.82532846233
809,25287.771713185946,0.08843094080176982,2236.2214433774157
810,10095.712062833987,0.07582983107804903,765.5561403373231
811,49317.85395330506,0.24545336987759525,12105.23344796981
812,42750.41389006704,0.06991643703525943,2988.9566209761524
813,10609.820654147008,0.024483723788099317,259.76791833740657
814,46437.88471778175,0.08802410261518237,4087.65312963003
815,44145.33629279577,0.15776565057479527,6964.617700076046
816,28347.712570673244,0.1322148506766092,3747.9885845550007
817,31607.394608521816,0.07948784411773116,2512.4036556097985
818,22955.12167415586,0.039340270308547205,903.0606916268822
819,7464.27374699141,0.09394455741284713,701.2278935694421
820,20083.87587406554,0.006790078328419063,136.3710903231509
821,41128.40518691052,0.04593490363798179,1889.229329044605
822,5208.441035207129,0.1788018681672084,931.2789873337834
823,20007.46272610149,0.05639063743411768,1128.2335765642129
824,22917.591211592448,0.09486968047994737,2174.1845556138255
825,29182.80213220653,0.03372896096986756,984.3055941085618
826,46393.50273857422,0.026111564421077996,1211.4069354777391
827,20585.569746468256,0.13405421242073237,2759.5823395948573
828,20612.89408533025,0.048877932139069574,1007.5156382926004
829,38187.55616493868,0.012055356935980883,460.364620081153
830,25349.807340041323,0.008563143962294614,217.07404966920654
831,15107.217032299188,0.07500250238192693,1133.079081449307
832,25359.778225971204,0.11903566105574592,3018.717965355594
833,11338.565917090993,0.0684088810982643,775.6586076471099
834,12937.414392780049,0.12446263789579115,1610.22472287638
835,27426.549773276587,0.08411814634158657,2307.0705274732877
836,23851.645227704656,0.06625941563009245,1580.3960746039938
837,46168.0655480645,0.03181256206129312,1468.7244504976507
838,21307.72546024849,0.033315642245977654,709.8805585091483
839,31126.475762511956,0.10184995517758255,3170.2301612479523
840,33451.89295637887,0.037693635642023944,1260.9234646337322
841,5589.250546475014,0.059957103580605686,335.11527395295934
842,34859.18174075198,0.05441501695866966,1896.8629655883667
843,13011.618509138814,0.03587238474510604,466.7577853163706
844,48248.16428612548,0.1448418902695083,6988.355317236196
845,11689.822748890083,0.19504471643935248,2280.0381632835583
846,23658.08556771607,0.1517889519185093,3591.0360127220333
847,8840.735063538974,0.05616032744675937,496.49857603839575
848,49859.341333067634,0.16699554934094973,8326.288095693551
849,27598.775464905917,0.09581475818551193,2644.3699973862
850,31792.32577940197,0.20727167815199796,6589.648716651673
851,8018.441482479237,0.06115888891251732,490.39897187846833
852,38748.221167963,0.04545375711933522,1761.2522337748737
853,14445.75168930136,0.08132009271406405,1174.729866698334
854,45412.44302483212,0.07032276277858894,3193.528458031455
855,14231.283821690322,0.021094442718358336,300.2010013853462
856,13580.947429864997,0.0425113999686865,577.3450881446958
857,6644.73505316427,0.13420396799254267,891.749810393784
858,26243.012529949967,0.019175319684828628,503.2181547547539
859,30417.85099681774,0.06235680323231375,1896.7599493584023
860,7956.888774275856,0.06016083592037569,478.693079985889
861,39898.74275127547,0.12371036682267418,4935.888101523801
862,25397.997563661243,0.11136463274303708,2828.4386710856847
863,28597.562119741102,0.13768320983654486,3937.404146145941
864,24834.323612220265,0.05145415381738227,1277.8291070938299
865,23034.33773938967,0.05427869140368569,1250.273709844603
866,30183.814908869805,0.034873440114306965,1052.6134616457969
867,11985.811066882063,0.03967139558256572,475.49385221217244
868,13186.7658722872,0.078525158514936,1035.4928804207007
869,43780.352945608276,0.09626515591254303,4214.5225022151435
870,47575.195796013475,0.0497476232470691,2366.752916365624
871,21798.919232588883,0.09301077251772999,2027.534317874694
872,17183.51029145992,0.1848341254924849,3176.0990976131084
873,33979.979445755715,0.10894086620243207,3701.808394361465
874,23393.037699414337,0.047523566405347654,1111.7205805309184
875,6142.3860047155185,0.00420415121666559,25.823519594954437
876,12026.866881478567,0.09384926060463088,1128.7125642170863
877,37218.75029813289,0.044701868738718724,1663.7476904462847
878,34651.577385956814,0.038222887773491615,1324.4833535978873
879,6219.319662656757,0.08801086351039164,547.3676939575788
880,14988.747286982725,0.1437523098533732,2154.6670443122475
881,15398.365846463214,0.06771165839089964,1042.6488879738133
882,35235.17346194277,0.1567483994118433,5523.057043158187
883,5886.974198946387,0.0749019149411336,440.9456407101304
884,9684.886189305824,0.1408672266694452,1364.283058096723
885,40996.22384179352,0.18803988398798183,7708.925175156189
886,13034.509792445013,0.0055568807440806445,72.4312164741683
887,34373.57485333436,0.06566142625441786,2257.017950332926
888,15718.225147102694,0.19305201910939535,3034.4351014642475
889,9474.862674170532,0.12601126195516268,1193.9394024240962
890,15942.748594975434,0.0440881958631131,702.8870226516481
891,37502.01193350466,0.09929750557821626,3723.856239161512
892,43506.34106478286,0.19140005081583852,8327.115890610641
893,42359.89390551462,0.052729333096530724,2233.608955677582
894,22873.258832830466,0.14393591873600028,3292.283524589787
895,35063.831145679076,0.09111156257382672,3194.720445507633
896,14224.293293711944,0.055465723433803446,788.9607178703318
897,18191.647861745594,0.11032087104347828,2006.9184378240031
898,45335.11183345039,0.1501013232615757,6804.8602764124225
899,5585.086557983122,0.04667244974651635,260.66967170741117
900,8847.883888451064,0.16356826831344692,1447.2330458723877
901,14354.88148157123,0.0014359271124467447,20.612563515347826
902,6193.949174321887,0.06352998860597746,393.501520470673
903,13164.59457904088,0.10621639945520539,1398.2958364732376
904,31236.87024363615,0.05816295003643032,1816.8285232750663
905,23964.104776662407,0.09279512602109935,2223.7521227332168
906,45170.22699846387,0.06700245880218415,3026.5162735498816
907,41784.96027822984,0.09080968710185122,3794.4791684293336
908,20381.780826404418,0.11641478102509409,2372.7405518073315
909,16674.05450440816,0.06166192507466723,1028.1542995417335
910,22086.158367527012,0.20140108914554208,4448.176350260868
911,31563.27241316635,0.07589484979021845,2395.489818685006
912,17062.863837029432,0.06207279063539568,1059.1395745961922
913,33086.700853211034,0.28444377947895844,9411.306241177026
914,23423.52434860582,0.17619495325246654,4127.106777610614
915,29842.12313833911,0.13184860748996885,3934.6423803341904
916,24625.69381108925,0.022461093869476523,553.1200202918627
917,18250.959179386293,0.19850148919040891,3622.8425762615425
918,47680.39881329705,0.12977190288079912,6187.576084116954
919,39362.26073718924,0.02281989832797795,898.2427879820167
920,11305.092909490366,0.14631391446515346,1654.0923969797864
921,44081.05891540607,0.047587314381132347,2097.6992088606457
922,26934.403921228113,0.18096068689976003,4874.068234821029
923,45254.850210234115,0.20928124667257744,9470.99146997855
924,40993.486517629186,0.09951977475531688,4079.662544669576
925,24134.607701115507,0.049785581464430066,1201.5554778159474
926,6011.118874405283,0.12121563588916671,728.6415967664085
927,17090.481172322572,0.030720879483487992,525.0346124097423
928,29373.53965973901,0.11816155975109749,3470.823261605483
929,33506.51989217663,0.06998065326370115,2344.808150647718
930,16604.945844494105,0.08535081650778116,1417.2456858950595
931,11271.023333277086,0.03554460963621661,400.624124582023
932,42571.86065596846,0.04971870183900292,2116.6176466856755
933,49298.09813165985,0.0971947833066161,4791.517965334975
934,28656.05820362086,0.12173986679375547,3488.5847085429073
935,12725.567863173657,0.07146027268890012,909.3725496234936
936,17253.829693371605,0.04754156813229495,820.2741199104398
937,5827.580444636003,0.16486676066389158,960.7743104153789
938,46143.44629522246,0.06645035977668756,3066.248607653793
939,10298.79873005635,0.07284824286967222,750.2493911530169
940,30943.24139814141,0.05687672778794733,1759.9503178788316
941,17332.48493092427,0.05835736311674792,1011.4781168295092
942,29938.010113210705,0.10847860975315365,3247.6337158569513
943,34313.91747583389,0.06879517870554974,2360.632084837479
944,42338.381166824074,0.15744068094145353,6665.783560863594
945,14288.957229227144,0.042416433732213786,606.0866074159503
946,5494.812289631622,0.10814347261362596,594.2280823607927
947,11159.853353096329,0.029752123863433087,332.02933925907104
948,45500.83888316473,0.042832690478825125,1948.923348409486
949,44325.053490313185,0.0016304999375623195,72.27199694840212
950,31883.589597663875,0.04345776263492806,1385.589468684738
951,32023.2587195144,0.011651810279769009,373.1289351397404
952,34926.65035458149,0.07900133917460855,2759.2521508952545
953,12891.70753805523,0.05026407127741532,647.9897065804005
954,46148.53756662319,0.012773210165209213,589.4649691555306
955,23844.67362014329,0.11250151612227448,2682.5619337069234
956,22241.233771227384,0.1439958012986492,3202.6442787584647
957,28351.29673772769,0.23275294773411287,6598.847887790658
958,7113.468504877477,0.020459515430086648,145.53811863697615
959,12482.751594023573,0.08368802845732187,1044.6568706263247
960,38211.51273918667,0.11843251122588615,4525.485411441817
961,8725.94005663069,0.14428354965878468,1259.0096054804526
962,32141.84492598747,0.07467047499382012,2400.0468278011917
963,16040.709935659443,0.08844179832337819,1418.669233093401
964,22518.302631888946,0.13419519461078316,3021.8480039908477
965,17991.218154681494,0.1463776176757155,2633.5116525663593
966,21005.272240922714,0.0793104283759724,1665.937139581502
967,37357.06573329105,0.009379808682337752,350.4021295117855
968,18370.477203042876,0.06899004015969189,1267.3799599906322
969,30488.208813360372,0.13075727759776268,3986.5551832671167
970,26422.268098959485,0.05280410841521109,1395.2043092732301
971,34865.20244131917,0.11927615678483557,4158.587352725817
972,47157.33826961411,0.020426947730190895,963.2804839283382
973,37965.74437446126,0.21607383137004832,8203.403847805703
974,14672.317036584054,0.040547541104063764,594.926378132747
975,6403.24107775781,0.029546788749907613,189.19521143924075
976,16801.881993492127,0.04064490011952145,682.9108154454735
977,31778.50688151147,0.1179534841967116,3748.385609243454
978,7314.1616067912655,0.04644855391890498,339.7322297646288
979,27336.481124055634,0.09330879831642985,2550.734203885399
980,31857.928201260016,0.1988903908153308,6336.235790515353
981,20040.97508676324,0.040486160991039945,811.3821437801172
982,39691.049168561985,0.15318948082497164,6080.251215530433
983,9796.921391019732,0.122048882210183,1195.7033048749895
984,8381.200178111394,0.009207723017333276,77.17176979287404
985,37768.49402916215,0.18720518343809764,7070.457852909996
986,27297.109229278933,0.10667288193339336,2911.861309937814
987,35978.10783924812,0.008864021768422796,318.9107310737582
988,24567.23023716858,0.08886980574408967,2183.2849788474978
989,16088.091495759807,0.10053029519311572,1617.340587162588
990,41859.604295338984,0.07451673956755973,3119.24123167688
991,40973.71455360407,0.05151639476540957,2110.818053948675
992,36261.34118844921,0.015750471381432107,571.1332166410145
993,17246.531175348322,0.127336106635444,2196.106132835663
994,31560.380009108918,0.0032060238342354335,101.1833305267307
995,21243.825362301206,0.08407218225583366,1786.0147576704885
996,9121.193299698538,0.052783428217835306,481.44785179563814
997,46279.11089580093,0.07681918933219911,3555.1237820303704
998,11156.838391353263,0.10868577967659243,1212.5896792899687
999,47760.68092193611,0.04580599077607175,2187.7253097691114
1000,25070.25978310801,0.1261354661039847,3162.2489030903116
